longitude,latitude,housing_median_age,total_rooms,total_bedrooms,population,households,median_income,median_house_value
-118.97105799376587,34.38883720903201,44,9954,725,2134,1302,1.937462167557528,473239
-114.68724234979325,32.98739665040437,35,2982,1533,4837,144,3.7507918390149184,496774
-119.72037329258971,40.60724051853599,37,6043,459,4495,1466,11.473636181542018,123414
-117.54964435995173,39.97779274568347,30,3511,512,1157,1279,12.013910207188795,456840
-118.01264179040123,37.81194993765389,33,9762,112,4750,354,2.4110132622812204,381434
-115.99771673060008,37.11300221814566,48,6430,1971,1252,960,8.297263050703073,381868
-122.50032954949438,36.00781172190576,32,1258,1500,4189,728,13.812013961490349,316319
-117.88243967593027,41.14955008272783,4,1481,133,1454,780,10.88892141895059,366939
-122.746560064781,32.97018034971663,38,590,758,2797,518,9.296608858159608,405738
-120.9931887147717,40.65394915493844,9,8565,128,1212,1122,14.096085916250733,273827
-123.61638694922603,37.43982812647507,37,5922,299,3733,1484,2.365294260999966,171926
-118.12973390011457,38.957936172189065,19,9380,266,2255,1462,8.312482006374813,414040
-117.69992098121969,33.403979347127915,53,8050,1159,3896,725,1.5868925741053865,412311
-116.53947148658389,33.18453852356255,6,505,699,2269,225,11.984782101074856,80931
-123.22277763674919,35.8782787725935,40,2194,400,2121,1255,2.2624602003500494,349280
-123.01799409279684,34.74721658045988,57,2130,516,4379,909,14.17302833758586,471056
-119.45147707161645,36.40767218474253,57,6178,472,2062,853,2.3587247060710332,194382
-121.36740934041012,40.31819171607644,16,1209,440,224,689,14.795603949454417,477228
-120.8377650637296,38.07013038471013,26,8056,722,2727,641,6.001943834827648,243523
-121.5332821079488,41.664730552914946,51,7452,1560,1456,264,7.678287023604688,72400
-123.29104589710117,40.27031074418561,57,9692,1182,436,377,9.527368817358253,103205
-121.11610210223093,34.35858585918213,56,7434,1449,3186,623,12.07253489463222,117400
-118.66403444585576,39.776334865841264,41,5332,289,3972,256,3.8277841281224467,404391
-123.45450200493498,35.754468870221686,50,818,226,2773,808,10.860318783980185,114475
-122.77197734721604,39.69934822857977,5,6230,361,4204,328,10.519610639435056,59113
-120.16244468355545,36.484467716489384,25,9911,293,4056,564,12.872019662897129,464142
-124.33374576410762,37.73395571427206,10,8281,760,162,1300,9.568184572744466,205423
-116.73822067632649,40.65471361053466,30,976,1307,3717,1187,9.886400444414665,306221
-119.82362898317979,38.72560961798721,54,6226,1132,1171,1307,14.843681680144549,132598
-122.1046331575793,41.108745611847496,55,895,1881,145,1284,8.739064145813582,210422
-123.64440435288394,36.306690470835235,30,7590,208,3164,704,10.96995855924603,145346
-115.60388557754261,37.17647030713955,33,4936,490,928,1374,5.121256142794512,153377
-123.52017024603182,37.48037921358948,37,5249,1990,3098,1163,5.428556647284626,482615
-119.3156237642232,37.090532629747585,47,4358,527,4928,1184,9.999608275643316,464397
-121.99191528259058,38.859054378767965,35,4579,1026,3122,197,13.004048975473369,217139
-115.38415290239816,33.59443541481096,12,7528,1164,712,847,13.187110019414552,217345
-124.29406156152801,37.545723731604724,5,7556,1512,3485,414,6.162370758067743,485818
-117.91713848921209,40.074371032612596,41,4302,327,102,332,9.127585624201188,492413
-124.28783329161175,36.898632329404286,33,5225,913,2342,1033,12.825258935830187,223833
-115.52956308661622,34.3496399030976,2,6475,298,4334,546,9.081192462888673,414744
-118.43385954307733,34.842131600111095,57,751,112,3578,1092,7.914751962766415,497215
-119.8354988584067,32.717678409115294,16,9380,1517,4729,503,13.365073397667844,50578
-116.51209487112556,41.34164854687084,12,6322,577,2185,770,11.209387043292882,418214
-122.1465761120818,40.083773842764174,27,3663,818,4116,289,2.8760649745058355,391635
-115.76453534576453,38.251283987209376,58,1556,901,1024,290,6.717074446781322,270823
-117.1952991341808,40.72668984599399,13,8930,1973,2090,1129,11.935509110577412,205948
-119.0961289105903,39.247083857343114,6,9055,143,1597,80,12.5372038822915,230704
-118.19196495057525,38.04913991880947,20,1502,1997,2348,722,10.625665493053843,339630
-115.36057721619528,38.22536996871843,18,4414,779,2985,1375,8.334040699005778,487658
-116.71339553379782,41.93654465058232,55,9824,1875,3504,460,6.092954402717318,462731
-120.77170016833551,33.176433403138276,5,7499,1012,802,280,11.533662311692225,401044
-122.20991522654954,33.58048712882485,9,9396,633,2100,270,7.738137004169193,60573
-121.27594072882125,36.77273828277322,14,827,1480,3985,1155,10.00102901461094,176072
-114.98652150044819,38.72699597218123,14,5493,1568,4661,1220,3.077997896120215,207156
-120.22492835477922,39.80615102561688,51,1038,271,4661,720,7.739697024699428,246466
-121.94128105121315,34.24900016421136,45,5745,870,3963,508,10.397891307916819,146989
-116.22532429202964,36.488325109259144,16,5144,1536,4915,246,14.525110956753885,336947
-116.68521392402981,40.450192079867065,21,8446,488,3765,1456,4.351454503707998,287064
-121.27309815972234,36.837048546419844,42,9330,1963,4188,1197,8.58600239491415,190168
-115.19104074133291,36.228753592701466,22,5896,1201,4829,542,13.398019644039946,236582
-124.25009568499142,35.24684720954176,28,6678,1903,4685,1328,12.243744881791848,171733
-122.89298477192823,32.64041662074432,24,6803,670,4655,113,4.241972822345193,370361
-117.73305447736557,36.00050106182327,17,3793,602,4121,138,7.054550688616563,70361
-123.20118347356497,33.58536979864136,44,5525,1317,3007,147,5.622581764087876,261464
-118.27257811685205,34.932005773110674,4,1981,1062,3862,673,12.904784373585388,437123
-121.77114458086442,32.895093997640124,16,5422,1413,4221,727,11.207389965157287,198777
-116.46893830102525,40.745986195741246,28,5223,1895,4732,475,14.316765711948433,495556
-121.88865248195154,37.61258174402917,21,5408,1303,862,204,14.874278276869653,299347
-119.43165662992823,37.3509515952082,47,6246,872,347,1306,10.604146721201165,175219
-122.73505372617676,39.966038917763,32,1069,1121,1283,115,12.220209144824494,346184
-115.97185824353062,38.49942016973246,17,9530,200,1447,1448,5.391812819648978,135444
-123.14018913428296,34.58457690009871,57,7632,1479,1132,357,8.05216446195358,286787
-122.95615277685133,35.37246042293015,55,9077,738,2834,914,1.9256926282933269,404491
-116.13251916558067,41.63673022263261,26,6153,1416,4093,1069,13.67673085004526,335243
-118.5046751753424,38.0938155377012,40,4932,1399,2710,1002,6.881926853801952,475587
-117.67734579231421,36.94635471450528,57,2935,1350,412,1463,9.180653667742067,439952
-122.49237085428828,33.262750230069244,20,1657,1597,3258,1180,4.483769715784238,309788
-119.85468554120627,36.947627863256685,34,9845,862,2642,179,3.713631869798197,340967
-123.59310240589627,35.17417866883726,29,5311,1458,725,378,9.818982882035527,250270
-124.18697610531424,37.08569458457606,30,5478,353,4514,950,10.474939280606419,381374
-123.66017024608585,37.65267816569146,6,2390,1834,1651,689,1.509157556341445,464227
-117.7567830436379,39.198376835438545,12,8434,751,3528,321,13.451656129612418,262779
-123.74538486372639,38.68651738373137,49,4250,561,3573,116,6.819983014570207,186003
-123.24455272545741,36.92269708329762,50,8720,458,1625,804,8.863576773973538,149063
-121.76334314049615,33.41042775838128,33,2517,1716,1009,803,2.95252765708465,168908
-118.47471465342228,34.657568502140904,54,9968,1762,3732,831,12.812593745722706,76135
-117.89149131448258,34.03193082325288,41,8455,387,2568,278,8.680030794031367,355759
-115.68756067854595,33.864859377406624,9,7222,1954,1398,640,8.083383485963612,430313
-115.05245395003912,39.57116748331106,21,6074,323,2272,252,5.011069973431262,130811
-116.07776146331744,36.47863238329345,53,516,346,772,1074,14.439687441693245,187504
-122.87056552508808,41.73766803780367,25,2506,1221,2814,1206,5.596082896800848,437258
-117.30676547605526,35.69612522216899,25,5857,1952,1634,284,12.213323053939948,215076
-114.33093425413767,35.81508250408115,45,7471,1948,2836,1276,10.064366971532538,393319
-117.19666247263355,33.70353925298282,22,8554,781,1073,478,5.016431163050359,313973
-116.4638749885394,38.339445140200624,29,8747,1862,2324,766,11.527269904829941,180546
-119.22987068886087,34.978386898253596,25,7609,142,3685,1222,12.52325521997153,129316
-123.13949148700624,36.74078033862981,39,2488,823,4561,1077,10.37963620092477,416568
-115.62503517619143,40.22780944930042,5,9102,445,818,218,10.979174971863596,449324
-123.49713625447168,39.6317442213116,1,3385,345,3097,1032,5.225655459908776,251502
-115.86302502015283,33.08081585557951,44,1836,580,1381,951,12.086388384347202,210501
-119.21020790869574,41.05085678537015,27,1458,120,3803,768,8.462857712789837,473532
-117.21944129828456,34.75150754471217,49,7527,974,1256,695,2.9935256255494043,317529
-124.34743859988197,35.55255177156038,58,7267,160,2433,1244,9.747307938745092,186256
-121.36830158901486,40.2436686193425,28,7735,916,180,900,13.306272812437713,107255
-116.87038732596191,41.43678737267159,39,8393,1309,957,1498,1.581490061963604,160387
-118.47407499437405,41.074898160895515,40,6444,1575,662,309,8.687882513461275,132160
-114.57620051389345,37.2177956514539,42,6221,1571,510,803,2.8709651655608988,336772
-115.9751536864744,37.4890190080592,6,9198,834,1297,1038,14.737530778823018,167872
-118.38195159927395,36.557003727249466,35,7810,800,2482,778,3.767972263299378,197397
-124.09961182505378,36.80772303840556,13,3294,347,2892,146,6.296622750810202,139334
-120.26793263368988,34.56267417909426,22,7083,1975,2669,1006,11.125506562141203,350472
-116.68553494034252,37.36692431346619,11,4406,1716,2137,1205,14.425031147379265,85316
-117.2104145024265,36.75102809589933,57,7744,918,4798,390,13.85702094157817,394918
-120.8124074189367,35.087990417351484,31,8030,435,4632,1201,10.846463012292318,278208
-119.72961247490555,37.75333203668973,9,9814,160,2135,1426,10.756486897054696,214892
-117.38684083497641,38.43761817818466,58,8188,1038,2315,1473,3.5932303734936273,86525
-115.61795256485037,40.264913348896265,17,1508,953,2224,73,7.83770229022584,415862
-116.96268697405498,35.074316197525675,25,7809,1347,2973,361,14.422238664234193,486468
-116.408194848414,41.1584486859975,6,5927,419,4845,818,7.028647216806924,191058
-119.9027369726563,39.72572935222241,34,4497,1247,3653,166,13.86826850318939,456131
-118.93194872935605,34.730869495917325,40,586,1739,350,91,7.435975114138425,84383
-119.80119587093475,40.87910185258406,11,4388,1574,839,1335,8.827401733991524,165760
-115.45163724231462,41.39693666028295,21,4260,1760,2277,390,1.8441361295024064,280939
-121.6787201305936,32.85160521213089,31,7802,321,4542,1157,12.23696922058298,86248
-118.11804907362487,32.550974732626095,37,2098,1001,4668,239,8.663907394587023,123767
-116.0643751790676,34.43447235384577,16,5031,908,4396,1369,3.899598887001959,81258
-119.2998249322176,40.98832491691711,50,4576,751,677,847,6.713355127550506,92484
-122.45438206963607,33.196744299459766,38,7193,883,1813,732,10.88669817877587,484726
-117.80837557972052,41.33387235466823,9,2552,1657,1510,1058,2.88525420689719,177213
-123.02193495298577,41.06523167496919,33,8113,368,1967,1411,12.88254658528737,221375
-123.7272083357949,40.00203683189582,39,919,355,1338,99,9.087671285345149,68955
-118.27013517288333,38.64484982206322,27,7123,750,2091,844,9.560053915698168,248219
-119.43662158997034,34.0379193504052,39,7832,1314,3801,1381,11.16742319128953,154110
-121.1638111635898,39.06870490360776,33,8573,1889,3557,353,12.732522176832827,220650
-122.08395659880412,40.912694938205505,22,9978,1823,4477,542,2.926073781079981,406312
-121.81244418038852,38.81239644479268,11,884,443,3517,1361,9.863863562274098,276161
-117.72312638580314,41.80598159148969,48,9056,1537,3988,494,11.265222090497366,383652
-118.64159004859975,34.83317681082451,38,1790,978,3786,331,3.5084008008387904,413874
-123.7239401384395,34.71271298364739,27,6360,339,2786,666,2.5002927012325573,99007
-123.43588283131433,33.25708678162844,51,3349,106,1398,482,6.155016449835982,308618
-120.07467642548896,40.057897761287144,20,2417,1446,2995,1258,2.241929521057041,365718
-121.56025891258109,41.88767028986561,43,3628,235,3375,53,7.809219905129725,460605
-116.6413141632255,41.41478482769301,38,2502,1639,4075,865,11.165173586595795,315015
-118.33472502961561,41.631952287255885,16,8466,901,3903,828,6.379531157800954,350680
-115.32026464282758,38.066972153198094,40,4522,367,3177,1448,6.815586586498373,443137
-122.19901786907822,37.40048097458367,30,8287,296,408,614,14.789134689078587,320724
-121.9247827102875,40.2908611587159,52,7117,488,1641,1283,2.800984553315694,71729
-123.43157629177962,38.83730335786113,51,4586,1975,1307,1490,2.391608372220327,246513
-116.77048149498225,40.97312165982606,17,5923,817,4170,1273,4.116622600400148,336002
-123.93490745464996,39.1185439518251,50,2875,910,1519,320,4.967886889255543,290686
-120.25154852278101,34.02539624843264,6,8955,1720,3467,642,14.805003160776721,372341
-117.39559509563186,39.03927616133942,48,9447,1968,4476,922,12.67217516440649,63127
-115.04704933769607,33.59708435399301,1,9605,940,257,138,5.848167674442175,345672
-123.22292752999265,34.29132342723602,27,5134,274,344,751,3.5253233471993757,66233
-114.7949689588517,38.56360238913088,51,5542,217,1058,1052,4.365673583478256,383806
-124.19837189158348,36.652715333582975,21,8681,1092,3704,671,1.7460501363072467,84345
-121.06413212507724,34.55090766133721,55,3052,1669,4354,1362,5.169082639950976,179340
-120.60052901587521,38.246572854588244,21,3730,634,4250,1040,9.367988342425761,131978
-120.51953788884884,36.681558835838324,43,7230,403,4477,1112,11.204245828479458,164395
-120.34323354409172,34.85175070799766,53,6879,1206,2292,1483,3.3019085012831675,410779
-115.24152532568802,34.95971700370614,20,3175,1085,2913,1480,3.8195207775008506,387671
-119.47413893932058,41.09961226259993,57,770,536,369,283,12.443180336195503,59214
-121.76349159307523,33.22682662720989,38,1714,854,4375,666,12.345493918776588,442052
-123.00818343652273,37.155235321169314,20,7119,1343,1091,1025,13.79581544519194,135460
-122.08241829817172,38.13608707214866,16,3753,1419,4459,750,13.905779127186776,423057
-117.78361881017317,37.71037009854612,45,9789,1436,1908,455,4.352611601091599,372743
-115.88812146463351,40.22559226899401,50,9220,1959,573,379,2.1403351893966223,242665
-120.78008566990563,37.625085888509574,49,762,1892,3599,1139,8.752289182805889,173261
-117.4192152621452,41.68385344506186,4,8011,101,3999,148,14.717836963539128,386230
-122.95821910674529,34.6278825186902,22,7141,1589,4562,1459,9.630126652145824,306736
-121.58745036445427,41.86999245819412,12,8467,1371,3756,172,9.447629934260284,166550
-122.71927544283317,33.248486538152804,48,1758,622,2856,785,4.735538821542729,83060
-121.81163670281514,35.75317489682978,1,5540,1944,1868,1461,11.51415226831057,90773
-116.416394009243,37.66768116592843,49,6931,628,3029,682,9.986710478436848,245581
-121.7632311120306,35.14184852068419,24,9554,1330,4462,1433,7.1234686911735094,309396
-117.0318483915466,41.38366958086661,19,2607,705,4773,1143,13.591405262099904,165518
-118.22855239006967,39.93178756473856,5,3067,244,2924,1104,2.1363027539621062,84285
-119.109674967221,33.74433091095658,8,6688,1345,3334,171,14.82931970930008,209502
-122.21974040539197,35.230705650040775,2,9676,897,986,986,9.425848219190513,208928
-119.9746915194214,37.16593569145989,18,2292,132,3748,1225,5.157929103151519,79556
-116.62886892531733,38.98557556712601,34,2365,886,1147,519,14.128075376076472,166795
-120.58231532011865,37.34205849048294,17,4558,1672,2891,1321,2.422443682929474,131095
-119.15770664741703,39.69110843130799,5,6042,1611,4812,1203,13.550480155527817,461480
-122.31123024620987,39.43117008858443,44,5563,384,3486,1044,13.220929050457157,215562
-115.29617756002094,36.503702025183856,49,3354,887,1369,1454,13.043339486647955,90213
-120.71287373524173,38.33591614274668,15,1430,624,4808,1206,9.828310278757835,131398
-118.70162316072377,41.634179913397475,34,9339,367,662,483,4.014365745563436,393451
-118.76953808320143,34.63390803927508,59,9965,495,722,997,14.283438387115389,203690
-120.1161714771819,35.998560124231496,52,3194,290,665,909,2.46104613799224,165804
-116.47698573720888,35.8079154899433,20,5335,1514,3373,646,8.860213165206986,375219
-118.64989509084653,34.777179433358825,23,527,542,2469,101,11.364354673853848,93828
-122.65780507104384,38.50639823250853,41,7637,1829,136,1414,9.413704260035448,398844
-123.50783388550491,33.04540159811965,42,2282,403,4546,816,4.8267829151594155,266332
-122.96832975214681,36.58562849128952,28,4289,1472,393,604,14.823903185883816,290852
-119.69051601413958,34.740418829474336,3,4217,1719,1017,1007,12.994031915035862,159716
-120.78456973731441,38.73815556874744,18,6005,1613,3564,656,6.259362507909632,408235
-117.96362141216238,41.71961057484765,53,6252,1104,2570,1497,14.848264323539846,257105
-122.29030727103932,34.36914578218691,28,7769,1134,4700,1319,9.429525952050689,183412
-120.16319925702854,41.587196813748726,33,1723,1044,1516,795,14.634518994827284,486322
-118.91926729311939,38.33299538598862,16,787,1353,210,504,14.525046857963234,399840
-120.06570046380553,36.82666494163398,12,5741,804,4235,507,12.656481751156356,98118
-121.12737422391692,38.04868904125598,39,3091,1309,302,884,3.9626106045971587,208460
-115.53425414093263,39.83076106494512,44,2583,279,4537,987,2.119018263246773,383471
-119.94611866205254,39.31786324244247,15,9084,248,3829,1304,13.527720938454031,249636
-120.64193939827031,41.74639650170247,6,6604,690,2504,559,8.113867797314946,253178
-124.34010341938645,32.6861540010946,44,2405,895,1626,260,14.213073443084394,213549
-115.42937240812805,38.986982876547536,53,1978,922,1660,182,14.119253851665903,424742
-123.52487175272931,36.093654478273464,40,9181,288,106,659,3.7915550264122553,179760
-117.12693481020506,39.41855491721433,57,3024,1429,3797,1013,13.642300759250356,307125
-122.40330324529458,34.922511692304944,21,8764,1569,4248,1466,11.256379935825926,477355
-123.5266129439991,39.61455463486039,49,4966,464,1441,310,4.452008588892312,222316
-114.97264898862883,37.8003859509554,9,6008,1392,3847,1379,3.4811480671533137,250360
-117.59245587069952,32.662418389290586,34,5960,1129,1084,779,6.633204355437353,71200
-122.75738126199299,38.99048246122215,43,5423,196,3517,219,3.7582504176941725,164379
-120.4293609223087,38.364169600886214,30,5695,1034,347,1100,9.370801124604066,63077
-114.83693813318872,41.611447697691126,55,2223,1324,1004,518,6.797888911864782,326084
-118.28834277190084,36.259323967898105,4,8616,1322,2707,1468,10.281596930356375,241117
-115.87222700119233,34.91290558489626,42,1329,1264,3608,880,3.795227760037149,134648
-123.5550640276937,38.178679817592084,10,9657,682,120,1007,13.538277341573936,70604
-115.23502606363053,34.299963766863485,45,3825,615,427,107,5.084335343586886,279937
-123.07911283710749,40.57743807359292,54,1967,1142,4479,1154,14.72458757547255,185050
-116.00432137495834,34.625604313346265,8,2972,963,4531,1498,6.983353040067688,457407
-122.83030273446032,38.27132909119814,33,1302,365,377,1109,4.365760271865237,478718
-116.47728584668386,36.691102445592946,10,3206,696,4717,109,12.258379942459062,146766
-120.90463039365397,32.94558032845999,17,1891,334,117,663,12.498755647791167,447884
-115.63283342084335,37.37221996497076,33,2269,1064,3134,509,8.093906811736733,239830
-121.76809360750023,34.874913954598895,48,9804,1913,1631,1200,2.6764078380496024,210554
-115.45048617300972,34.00581129609275,31,790,1526,2602,399,10.109751131350718,459030
-114.93268130378479,38.383249082175595,1,4446,886,4060,1441,4.928117075877532,220977
-121.98722513173274,39.06783067143151,50,6480,1983,3640,1443,6.527198865577878,428685
-121.61983824936748,38.294526884844466,46,8680,1826,2366,198,11.692523020989537,231452
-114.92894265992287,35.59034624221467,41,8185,1822,4410,829,10.577671243343332,244516
-115.29054704968581,32.56868355521671,31,2397,709,4888,454,7.938200845950454,445551
-116.07693868817739,37.67902266971421,9,2369,1467,4019,380,12.89059604212591,323128
-118.38364983134021,35.944784091992084,18,9321,263,4195,1338,5.148645356356502,54609
-119.5053538612547,40.25568491055428,37,7873,1054,1940,928,12.863095538016706,231009
-116.84685633549446,36.87413780524767,46,9472,832,2105,391,13.537062628535091,185877
-118.53391290586502,38.72638848974372,27,9964,1318,4078,1176,9.29705370399942,360852
-114.84444479354386,41.14250591679915,42,1626,410,3842,1257,3.4145386105634046,227463
-116.12422789585555,38.68397405626134,4,5439,994,3366,938,2.858937475025873,73850
-119.67707928415312,41.76861539183329,40,3561,239,4109,925,11.558706305858754,317806
-123.66652754235251,39.050515359373975,42,3968,336,1534,118,8.28995452020146,390890
-119.12864691353883,35.92142281649568,35,6110,1231,980,698,12.937753639603615,353773
-119.95588015710862,41.937763235084695,21,3999,261,2512,1109,6.147351051289305,87776
-122.84964440300966,33.95350007696078,12,5795,1369,4815,1228,4.238632311430997,192665
-120.13951208319467,39.74311561206648,23,3791,1476,3568,1462,4.451022301634745,94551
-122.64577869792298,36.34278557947324,15,2057,1261,2692,184,12.46158419414058,114181
-116.9160710796314,33.12961231324615,32,8654,1609,2939,903,14.495547463548986,64414
-120.97607535358574,35.99824585731653,38,2252,1621,4463,752,3.7883741182072224,141978
-115.84309884286105,34.50668304574342,10,1356,1285,4750,884,14.92942268343306,415282
-122.99277418274689,35.006520124571836,45,3060,1924,945,1051,11.078174003661792,127612
-119.86147545731302,34.99473917591091,53,5783,511,2038,932,7.219471678012436,105469
-123.7923672334558,40.62350599475295,53,2569,1146,1029,759,4.0872015533387405,167480
-115.97367489911944,37.68331564218517,35,4975,694,894,607,8.754072303143236,357813
-124.18559218756522,37.29766983343093,27,4620,1130,446,1244,8.725010412893145,189824
-120.2973792494325,36.93322456687201,25,5402,608,1689,533,11.526669856373223,491227
-122.81350741117105,32.87935661210052,46,9779,1717,4068,1133,13.19061957711377,339283
-120.28736129297704,38.01412316822524,20,8347,1540,4443,239,5.799882192437337,147798
-121.24724987693943,35.34453275765573,42,4655,207,2579,854,6.48355241618279,354297
-123.3726489675577,35.06637826261605,22,538,192,4322,371,13.115062788177287,244800
-116.43443193989788,36.49759010147931,59,6048,1640,3496,1018,6.039707354214127,114050
-115.60843827436146,34.1957421276498,53,5279,606,2582,1498,6.7902343100022575,266079
-116.06067754942603,34.084318418007356,27,5310,1288,1709,1104,11.215468634435291,88206
-121.63793971297869,34.301535245699746,10,2385,854,3046,145,2.221622803440451,153583
-115.88213069286229,34.75567823654878,57,3089,405,4779,661,8.634239858641916,261947
-118.65822857102785,33.80294182428622,21,4302,857,3287,1198,13.399766468926828,325093
-122.42235908519702,35.22456029553661,55,8848,1723,1443,578,1.8433022653065883,91091
-115.51504719439869,35.763222492629296,46,737,1316,3154,646,7.421147545423661,432542
-116.05862960451651,35.125177455859664,2,6334,1616,2889,1081,3.888003347466987,247050
-118.42592520578037,40.09478489539198,9,596,624,2657,1242,7.797215245581033,434843
-123.50207673037224,37.22030176109868,4,4128,1203,2918,1323,8.479680574506666,238597
-119.89197702800237,36.41057949677776,45,5560,1401,416,928,9.97990992519604,379375
-120.02935390859113,39.43308946101825,23,2269,974,4086,1122,14.480270556902871,252730
-120.04171439908953,34.99831519880999,21,3931,953,3348,386,9.25555043785521,498967
-115.05345428458189,41.69242210847896,26,2524,1046,1612,587,2.7115453202822426,451498
-121.09133498396457,36.444782731203816,24,9283,1137,2054,923,13.771631396691124,359781
-118.78405962032967,35.53580976383272,56,7944,436,2721,514,4.276685743737338,58781
-119.88760379994318,33.66019433112675,21,2363,1814,378,1401,4.683214776414167,207327
-116.34406222879063,39.56730747622805,56,1013,528,4331,561,5.259727144087204,373038
-118.53538590147286,37.53333322566581,58,7638,1437,2224,815,1.5467940828991904,407430
-120.1306733333173,34.875336723214495,15,5735,535,1603,930,4.212145150487086,128730
-119.24863873490833,33.88254511672965,39,3588,160,1936,437,2.708163786045863,143262
-118.40405700120928,40.09761519692134,43,6385,1945,870,1367,4.107734465959007,281807
-119.91305472068241,37.206057831397715,38,5831,1018,459,1072,7.872750929659241,261285
-116.29354430367918,38.358226832991924,47,1024,1831,3284,200,13.145130492269443,124545
-115.67760150544964,34.43951488849636,10,4863,364,872,1061,4.631051625930698,203106
-118.01093579940203,34.62594992721787,40,8317,613,3647,1316,4.294193482707273,370159
-116.57033524411032,35.25302499715851,7,8139,1700,503,477,4.859868737184882,119592
-118.13090407846141,39.229845296686584,6,1910,786,1865,1407,3.8458776760691,214859
-120.56076525069406,33.39184514578199,22,4919,1507,2902,789,14.214326035073165,165432
-123.2705705262945,34.41673244741645,56,4661,1466,3054,1298,3.8579569135085854,317044
-120.61989495113606,32.701251372553465,50,8133,1338,1050,1293,6.185686279969851,370168
-119.79203779391165,36.1300490692916,38,9322,667,1069,1072,13.717560882211762,495427
-123.97293359839836,39.4084676285673,24,4894,1566,1031,1130,2.88428148122271,285236
-120.15051766721744,32.810944434074074,1,959,672,273,1096,7.853663393253571,194200
-115.45944828627688,34.02037085639863,40,5436,1419,2526,350,5.191483556950223,151716
-117.51090129841565,34.96367554359785,18,4823,294,4148,427,7.993656795230824,241502
-119.39839139667401,41.01608444405067,28,4473,818,4013,439,4.989968184544887,354709
-118.68351691816011,36.539700122001115,53,7328,910,1984,580,1.9730170811211383,459453
-115.44647795855666,38.25220931414075,29,5916,164,2808,334,2.1488471977084225,270040
-119.78390223280856,32.85796602393578,41,3730,624,2720,822,14.670769287278823,496126
-122.28380073208899,40.46946129020477,15,7404,1854,2608,69,8.737436413544128,70488
-120.32353275801805,32.88681589466179,29,4350,735,2732,816,1.8595449165726767,455731
-120.66655232713585,32.83619628051062,15,8539,1830,2847,1096,5.310990360044521,418046
-119.16458424637996,37.55690417395747,51,4328,1855,3734,815,13.203021122108042,119052
-114.31453200887253,34.09397377382454,46,4718,589,1516,986,5.632798679443327,74535
-120.76930306583776,39.01412360924747,24,5817,408,3039,744,8.956638585287358,243546
-118.40275104755852,41.48770729806533,11,8224,403,4946,1285,7.1675478086752245,90608
-123.4743246658176,34.9503104475275,56,2178,127,3340,881,2.2841904633757633,349249
-119.674033857883,39.12730289592632,13,1659,1281,2478,1375,5.671221631703801,413872
-114.71884766599057,41.93170366897907,39,8195,1180,663,1198,10.477830426336935,87959
-117.82197630786764,38.48757719910831,21,8799,1156,864,417,10.251332332168456,152616
-119.03750686484109,41.06691629529644,11,4874,298,1104,54,4.923571462942553,237909
-118.64825489907395,33.52542431472447,53,7256,207,3553,762,9.984471019503834,457054
-123.23927395772448,38.52536007642702,35,1470,1479,1487,1119,2.0475427635884698,448150
-121.51331530890907,35.4312115391438,25,1608,822,2096,971,9.801555063808895,431778
-114.84504211049526,41.2032968592512,54,3679,1379,179,131,13.475971018002232,133073
-114.57646898133704,34.9260013152577,41,4120,814,4919,810,6.364967822500003,75117
-124.23274314532586,40.11108807031845,15,5735,983,4172,171,4.997966408871316,494616
-118.21597499908152,40.440362133424976,11,1417,1898,3111,1165,9.25735382353151,136011
-118.28770897252394,37.32337776585048,1,8747,960,141,825,5.320717259054835,253522
-120.47714123329297,33.83975554507315,27,2324,266,2897,1051,4.039763552341125,213800
-115.3153111784919,32.840746025138564,35,7674,1191,500,1343,3.6120498657799254,57649
-118.82443044263604,34.87609334143222,23,6838,1729,4153,608,4.269962055085505,447681
-121.49720027078301,39.7971117394539,16,2813,603,2446,297,10.07770323373955,258530
-116.5328460164563,38.24024103567037,49,2880,540,2468,932,2.8145347169737533,240411
-118.55440984344979,37.273849147102176,41,3165,169,1138,860,14.302209198864329,329377
-124.04066669827336,41.29526172151102,46,5167,1597,164,1397,8.767865778664873,401715
-119.37960720241851,38.793774379343084,3,5603,738,4046,317,4.2266804137584115,346116
-122.5906848869705,35.82639618928098,44,5500,1152,300,452,8.185076218255286,185341
-120.74148684632544,38.89098897013227,18,5029,664,109,1337,14.519885953399994,299533
-118.97076879847202,41.64909637853812,57,2716,1701,3931,884,8.102608267772819,211252
-119.36303581955833,36.10429521900879,36,8345,1365,1128,1225,10.259922876382875,224497
-119.05507934785501,38.592155032704845,58,7109,1348,1854,53,8.254333942544887,171178
-115.48161491901708,37.97062724918407,38,914,569,1343,1103,4.3187318525712755,261536
-119.72441337516295,32.99892294149605,33,4047,954,2317,318,4.244838925656661,391160
-115.75986909493004,32.56683831355965,49,9489,1202,357,207,10.159239382226003,267651
-120.37754940870445,35.11759389003693,52,4827,1161,685,711,1.9507084219529451,424320
-116.25411917008643,34.59540273842261,38,1848,1184,4643,133,14.778855311897383,471366
-116.6663192947449,34.4668665069419,47,4575,1971,1435,710,14.23529483834075,204013
-121.57965640731292,37.26324279954993,34,5176,1147,2027,1103,2.2353735257078147,63511
-118.69844502119238,40.35333306756154,24,576,829,2404,123,7.385681580623917,379489
-115.61482209756278,33.11773323434448,46,653,909,1471,453,3.7129917893526447,292971
-118.18019679468152,39.58616805107376,38,3813,1312,1497,1498,4.967284149182078,451064
-115.53373068143598,33.60446972294,24,1191,420,3088,782,12.787230612322261,418451
-114.4456380782555,37.62761679131112,3,8079,1364,1190,269,11.998827486481188,54600
-116.11543373741793,33.22889858740718,42,8910,1594,3549,317,3.6875105052479817,453907
-116.8435232737289,37.651505985701235,44,3336,687,854,1039,11.430452187474623,442122
-122.76953100098284,32.81360347434093,41,4554,1262,4602,1268,4.3257253518489875,344189
-124.03732468971498,32.99717785036577,57,3513,919,4372,78,11.20528042137635,245371
-121.85977790096977,36.39550095668357,14,4880,365,1770,934,9.396292394999818,243693
-117.65723285235966,33.870973643797065,46,4253,989,4381,589,7.395194595983299,487795
-124.16315789934065,38.65911122115434,13,1324,791,1653,1430,8.185480612462847,385246
-120.36473825570084,40.948589418724936,42,9937,1126,1059,884,13.739902106300246,123625
-117.61111722721871,34.565157216194436,12,6007,301,3415,1243,2.618794408308659,490264
-121.1802127013874,37.662416783746224,6,7572,919,1976,130,14.862889596074409,418412
-114.61502692596224,34.754048724468596,14,2525,654,4932,74,6.03171228783295,264322
-123.39932410023475,36.64787126842464,32,7233,1043,2242,1214,13.248356572204575,337960
-116.62099872991452,36.265096287351334,40,1928,1480,788,924,9.91754204898718,434118
-115.51899170513667,32.87491163305634,51,579,1094,4800,988,8.22351513754866,210308
-118.21404073298375,36.896258008768655,19,3660,1270,4745,1129,11.746206294421052,58166
-114.81660361610997,40.49289209424236,55,3232,1421,4122,1087,3.0902133156013876,50766
-117.81422607791973,40.160536591441215,27,2336,520,1003,310,10.16904553619394,469037
-117.70025464073234,36.02610846341393,44,5534,1215,3446,1476,3.322279307510728,254113
-121.64679733985035,37.70043809948112,7,2096,1855,3544,903,5.500592945778413,422730
-121.37304416370155,41.95259558566409,45,1825,686,895,544,8.16657735696176,302997
-117.36049451543882,35.390434992049656,49,6460,369,2403,1300,6.341064867560499,204430
-122.80977490351061,34.219248469067416,28,6347,975,2038,902,10.671865546339799,217903
-118.69132986253496,41.70050869239657,53,8116,930,1239,638,14.325601425632357,489774
-123.90653320205237,34.41081830730903,49,3275,1821,3180,424,6.590429679270757,466860
-124.24602734603623,32.56654548026516,49,5990,1743,4707,383,14.400216949732268,414407
-120.27791104633593,33.70401331678991,49,8574,847,1339,1480,7.209210629271085,400900
-116.56106974712011,36.20435282707417,57,6082,1470,646,836,6.268557348857332,246621
-119.6796204613801,38.94419395477236,23,773,909,4280,1040,11.080529492130633,498517
-120.5984312039811,41.393010997423524,47,5284,797,743,1179,14.960866013557975,429729
-115.05683269279247,41.19387943327659,59,4355,1809,3055,457,4.829207694481642,356724
-121.90421049276804,32.868590827406756,37,4059,1641,644,228,14.22584574166167,401070
-115.35344472526825,40.716881340149335,41,5936,1802,4431,936,9.051258667501099,69143
-123.12911913334973,34.681815968913625,40,1522,1658,4172,1290,7.858365330564529,239990
-115.25176676896626,39.814958022617134,22,8459,144,3524,1424,13.109882610293115,140077
-121.14135773880595,37.99347989709964,19,4570,1502,3962,659,2.6318285571306363,106646
-117.61449511427475,38.47560553880955,22,3732,919,103,677,2.476039754743282,99439
-119.68788626640918,39.794987598763804,27,1837,1370,2743,1026,12.195793574575308,378244
-120.86335094438923,33.46049503153248,5,5086,799,2919,1337,4.4477355243656,378602
-124.27439056102124,38.47772317218092,15,5536,1635,3025,339,8.421398612593403,323544
-123.6435998758613,41.64292141890635,57,4526,757,3094,834,12.950367460974183,383181
-124.12809937532833,33.21674452852869,42,1705,1079,194,572,11.908695228644826,486838
-123.03345998320044,38.53788816915562,12,8932,965,2643,791,2.0085931364972156,233232
-124.06507588830019,37.464182028872564,48,9801,995,3752,828,8.256246410122136,137259
-122.28035510532209,36.00932740956702,11,6612,1499,4637,1091,6.317777303016312,163230
-124.34520821811178,38.700312763741394,50,5709,598,4718,864,8.702682943170792,71782
-115.74497576585058,41.23947906610586,11,2480,757,4162,796,14.53041166632315,341125
-116.85726488939473,41.56734291083419,8,5643,1986,4031,451,12.65836893671269,360985
-114.47646987451266,38.433039325453045,12,6392,926,4507,1111,10.892996533368299,426404
-122.4845694491749,32.74045444520952,39,7097,1656,4529,1063,10.629242919676578,302159
-121.4524228851556,39.768153241302024,21,3527,1009,2710,778,2.4410697446300964,369272
-119.46500485871417,40.65077514394693,18,4260,362,2572,1176,14.938541131407034,423501
-122.82011830475015,36.57822912742519,8,9616,953,2575,739,4.6423564315409305,288315
-119.14015611223624,33.198830833232186,39,1904,1230,1506,1117,8.127135725717592,359574
-118.9157578222387,33.634991585345276,13,7354,1462,1925,947,2.0006110175733203,126687
-117.56320669669705,40.9272943887332,14,9053,676,4141,1089,1.7291009070430312,166751
-120.38409808143342,41.488680228529105,29,2098,1420,1370,327,10.882342561890988,325066
-121.2303090314524,32.884901029983624,40,9337,131,1678,1446,6.734164323612184,261425
-120.04690163513953,33.893553889932335,45,564,186,604,356,4.110935868722043,386719
-121.04810258661873,39.310708060426336,43,960,1618,3443,1339,13.26363552647529,380001
-116.21125514637492,38.461807781162506,31,9633,785,157,696,6.520855353166447,305953
-117.08965193268969,39.157380445890134,42,4830,153,1273,291,11.465283872929898,289914
-121.24574913314008,39.61948063583176,14,6131,1549,1881,767,12.510451980859576,420642
-118.8730683088097,41.74908014779891,24,5421,1123,2490,1181,3.3472995855776944,162112
-116.44107311319125,39.874206592137035,40,2985,853,199,868,7.703822282624779,224078
-121.028627147196,34.474395853515475,48,4400,1798,4803,479,12.128580355494638,85537
-116.06582457965132,37.699316917191275,10,1660,778,2749,497,2.978977919805226,199289
-120.94334731941993,40.29337350386249,11,5428,179,2836,1188,12.499150960245776,139899
-118.09617085113442,41.09038942577193,34,9768,1058,4222,887,8.64154327056017,270496
-121.59915526913534,33.34705480054205,57,778,1382,298,980,2.1531065163817615,435318
-119.90241089589694,39.34013003353109,10,6313,1340,3284,1339,12.407420494250399,338891
-120.66081233079481,37.875201306008584,31,7822,719,4981,1496,8.307791056496395,191122
-118.9010601832411,34.700479691646926,15,3648,1065,131,213,11.952434545398352,141417
-119.50871237010395,40.96957422711996,11,1114,1028,328,204,6.3772179984926955,192904
-118.18060404792027,41.811613017605595,5,4276,363,3491,1135,7.074311582078647,320315
-118.98110442401992,37.57871443271392,15,1150,429,2187,1183,9.207642863350642,476443
-120.80299045621038,33.48597435053946,34,4060,977,1916,866,11.744018514345067,307445
-115.27321067659086,36.4577194933636,8,4730,386,998,1232,8.754000780608084,149628
-115.46766275002135,38.08077409062861,28,8445,1096,3494,135,5.924460830263768,189579
-116.07473328963033,41.62867983133084,28,9806,168,4842,469,6.960967086195304,410766
-117.41421889122101,33.83066030413211,25,5486,1780,2189,1397,10.966217825987338,319083
-120.67392137810268,41.31489649230148,29,8307,1698,676,1398,9.243926838047866,442879
-120.72257120356657,41.4657548458167,48,6379,1341,4274,288,14.463162252282826,342074
-122.8111166052482,36.70582526716128,3,2164,179,3334,1039,13.747706393602856,314371
-114.88382468408854,41.21784468805897,47,8836,1025,415,430,12.211782617465557,494061
-117.15878988226734,32.99549850899758,15,5577,1461,1206,532,9.04091528766299,223457
-121.45564695794353,32.988094118072425,29,9294,1650,2621,1205,8.857139163183536,295896
-122.01418342802117,35.389566077987745,45,8070,580,1495,340,3.2697172548839264,325628
-120.68645831008055,35.27901639150798,5,5885,1141,3731,552,8.886135262275255,482966
-123.32251071136699,33.61874278186203,37,7570,882,2709,983,9.109462216272457,464422
-121.47413811482564,38.38573000908753,52,2309,1479,4563,544,6.647143791726742,225524
-119.69672028618197,34.09666554388346,50,8875,1990,1176,300,5.292551309209974,272333
-121.77366054292355,38.44922105311657,32,7343,1468,356,764,9.53576294085621,163751
-120.07963669446166,35.8645936246868,39,8799,1292,2079,700,1.6742608216431956,368334
-114.59921740007398,33.431289761558624,29,8568,1149,4331,1047,5.697082592328231,470686
-115.0080340554351,35.830628132463495,17,637,1393,3517,240,8.989606696023483,187600
-116.18391190535212,36.490596611121504,35,1277,1556,4157,1162,7.1203730537176915,355410
-116.79682746805018,37.457120559011955,20,9803,123,1944,1258,4.05607875474626,247088
-115.40889192928066,40.31447482582197,40,3306,1114,1625,813,5.839470434309883,310846
-124.00108222284113,33.17970354727105,32,4138,1003,2607,351,2.6594402482527406,230212
-119.8400958816628,37.73184759807671,51,1577,1908,4012,541,11.18345162215028,347667
-118.83792867245575,38.89124192131533,18,4789,1948,1208,906,13.285129002052441,164449
-119.08270762946286,40.34898163143189,4,5984,496,3489,828,12.418123163337356,489306
-117.50684437305014,41.39145859747558,47,7914,1149,3650,1280,6.539288353834694,150163
-121.63169963931257,37.540560658954384,40,3063,636,4956,102,8.761081064912275,200080
-123.34315337254517,35.736885767912234,8,3276,1726,3783,1129,12.369831156723595,465393
-121.65017399773545,32.5763092159718,47,575,187,3645,1462,2.8762192490442295,434870
-121.60044037183116,36.92184704777805,17,6121,832,4123,772,12.834744664202267,357918
-116.87143362080546,39.12253083269329,59,5947,697,1548,229,7.191344422718138,270204
-121.6842849292297,37.857264823410375,23,6409,1789,1400,1346,8.813832544361867,350059
-116.4944912746446,38.79035325271074,55,7558,211,3204,381,12.490255987663698,362450
-119.09351711304468,41.698127650005105,39,6170,1907,425,604,2.8719478710920403,444387
-116.5125886966583,38.27054929292594,19,7058,1729,956,955,10.978086667168528,231957
-119.88445487764113,35.92078056251948,59,870,932,190,898,4.83161814285258,354469
-115.11203680147443,32.78440444737832,16,4736,1854,1069,1419,9.312389903378088,241787
-119.73061140621809,37.48386048420377,52,6306,964,4814,891,6.582882545455365,306179
-117.88302350139394,36.29930545238675,53,7981,1862,3156,1401,10.699604355866269,235292
-119.31773959411542,34.26745569168643,20,3079,460,889,514,13.70347794644559,241364
-116.73875491841964,37.74990869012385,30,8919,1317,2086,1281,6.386861722578521,370957
-119.65864580483655,38.97273508118157,8,4882,1862,2269,1194,7.062369725064214,460520
-120.57940139526853,40.07829822307546,48,4158,1850,4358,1348,14.592225606057807,336683
-118.52346279691356,41.10438346525075,30,3067,526,147,209,1.6326092784048873,191012
-120.55429709389061,33.57705474626278,37,9713,1101,1221,437,11.23313565418294,189596
-122.0813055782246,37.674341995905245,31,613,1066,4227,716,13.878492171610384,139608
-117.4612453442061,39.58249301329929,15,2632,1906,3234,1342,14.35505801244225,445568
-114.71140492413079,35.75145430580903,20,4934,1641,4965,1012,12.495584570456336,251633
-117.49307665789367,38.33273335422635,26,2263,669,195,542,14.51821044694177,245227
-116.1745623466687,34.086522076190874,46,4485,1349,3859,294,8.265558092772533,402464
-114.6899368349299,34.44533396745836,7,550,915,1622,284,3.2126222113803413,119227
-115.52166206889387,36.5909258892022,58,9404,1737,457,353,4.826631769169569,104322
-123.51275641145489,35.40757101466575,48,1528,238,740,1206,13.212266872864937,358126
-114.87568498692715,38.8475565084575,16,9922,758,2085,56,1.9071480913412984,227171
-120.0260113579865,36.331051944728564,12,7127,604,1291,799,9.10339429083771,265535
-116.90401064087371,36.0611551624029,1,557,808,2607,1324,8.552996544313421,334518
-120.23509962455404,36.32460795880503,19,5705,671,1373,433,10.864894306078076,146396
-119.31585300053129,36.003153328185775,7,2285,149,4126,1391,3.1045432613853183,106306
-119.69029442653269,34.09785104211363,59,4039,715,633,1285,11.203785984943362,421045
-118.00439791386903,33.75174379647856,15,6826,976,363,1371,11.616807561286151,155287
-122.98946344172636,41.098407502812506,49,2285,1699,4529,720,7.3715689522400565,251844
-119.36356108201176,35.26089617321542,6,9349,301,4553,1149,10.788120468856425,432951
-118.24806228417715,39.70359030228066,23,3870,686,3275,1025,14.107564183327574,237511
-118.47133391862155,39.951065932101,33,5284,521,2397,348,9.909277637682804,346938
-123.60756978495667,39.14945534360701,10,5948,1098,2662,878,5.240686907814446,316035
-122.83337188073293,36.8857178796634,12,5013,106,2429,313,14.488314419144718,182257
-122.10614192680191,36.60891643419108,17,9988,1176,4432,569,7.0013898996792925,298900
-118.75591961764516,34.067632689467615,1,9595,1078,2454,325,6.798306651905261,334432
-123.6210205153011,36.52199888416093,20,3033,1014,4085,673,6.633491932976338,399862
-123.5316572792195,36.43491180049039,18,7922,1470,3172,1091,3.3912780824523168,82303
-116.01111340939705,34.79464850004804,57,3055,575,4317,1330,3.2729951572489124,172953
-116.71536691517741,39.12186718169034,35,4544,1696,4582,905,11.494316439447225,144859
-118.1075072992558,40.58259591965436,11,9238,1298,417,958,1.9791312376616195,446047
-119.12072824466863,38.92383443958602,36,2266,961,4777,204,14.392016011726394,318535
-119.51476399319566,41.14233557828031,1,3092,183,4766,738,14.335419815258643,152556
-116.971921323884,39.198627589852094,49,7334,544,2280,1488,8.646202342760509,353461
-120.85731375865954,36.144646801651255,25,6063,1597,4394,1038,7.7399018633883605,370064
-122.06526105105634,40.491679918120475,46,9697,1537,3529,1215,11.604287841977113,375636
-116.01471335388473,32.80755540404887,59,6072,1955,2525,389,2.577496687884496,452766
-116.22039784176835,34.692555072769984,24,6573,1948,301,1408,3.1813715183867792,411074
-121.81557934682861,34.27522252934468,36,2417,960,4456,416,6.835663075968469,144673
-116.51578882276019,41.9719472806802,3,2598,639,3066,1383,6.296008070066393,418369
-117.46324567739134,34.87723564075927,3,5683,1450,2056,615,4.707706753831397,340824
-117.89555086258892,35.18802127148297,38,5067,1027,4669,185,12.963270122296658,303102
-114.89516687095531,33.966006484021115,49,4295,1468,1619,1269,5.609649703710394,100743
-115.47935902299405,36.109158447322024,13,4659,911,3098,1209,4.950634442967527,164917
-120.17731641841596,32.84619854369102,13,7913,997,120,313,5.134695174042464,143309
-121.54702987588615,37.0475657542883,34,9535,485,3755,863,8.6371826618386,58679
-117.56954831526335,39.32724263432216,25,8074,895,3877,936,13.172987635947363,87249
-117.29100176445327,33.55189747153176,13,5135,968,3033,866,1.928698335450331,366182
-120.03687456032092,36.51133234095532,9,9238,396,745,1288,9.87475753496965,314033
-122.10288234463704,35.41544147408631,48,5239,957,1702,909,4.265040533668355,294197
-122.32463624365379,37.11169218963475,48,2925,988,3021,439,12.5933958444837,175521
-117.93785967402351,39.17418049514101,47,2581,628,2095,1321,8.193994702669796,408426
-119.35065974493713,39.82443572284273,53,8872,533,213,261,10.720257853611177,332455
-118.07842821558033,41.356309282149134,45,970,716,222,1126,10.51913909883064,433825
-117.02266853705993,38.94798380991638,22,7528,554,359,616,14.084745470348254,153033
-117.70364865664162,33.99864450402305,38,2522,703,970,266,11.927052811678076,248912
-121.32267559356929,41.773616323819745,58,6516,1763,4341,849,9.923665684631024,145711
-119.39729145833395,38.721769941426935,2,4149,1152,154,1464,8.64155997711442,217422
-115.29244564457306,34.72143465822764,23,1288,1285,4021,1498,14.558644478256863,420065
-117.78787027998712,39.064158334439774,28,5330,485,2968,1160,9.511251281517955,423087
-119.98600314601738,38.40701270476032,55,8088,1320,1312,96,13.24714671159055,192240
-121.83553291842169,35.777006008378564,11,5195,497,1684,860,10.809116358786397,115798
-123.90336773437237,41.55709139562303,3,9164,1092,4728,1217,6.183270298012514,301052
-119.3017602589683,33.13345241824156,57,4637,1024,190,1176,8.209183680209755,167532
-118.9394173220236,40.47834502837944,2,4723,241,1864,1371,3.277701379601877,161078
-117.54624327226497,40.76949405642919,9,1100,782,3985,1142,3.663873923602425,108875
-122.64633639684126,37.04195338340929,11,5148,528,1945,353,5.221560333691306,67731
-122.65515301140174,41.06262480515103,35,9945,1154,4286,743,6.88480683536056,378547
-122.9082017033748,37.164827104868834,2,8116,300,1364,183,12.071138028396474,140872
-123.37330390999838,36.21076138041039,33,9835,1217,3601,1347,8.601890972075726,220292
-119.38999040272924,39.20715373532248,23,8778,307,2012,619,9.870147763724571,144666
-121.46781780493146,39.48216592661824,14,5071,1950,3615,533,14.106597403460455,250183
-120.52211235010134,35.230514493944156,41,9806,1448,3465,1429,5.270939887510282,388107
-118.22987900667651,39.343384167521144,24,5250,423,4045,1445,6.682885849873442,487984
-123.99659519722428,41.95134636176226,4,6723,931,2244,1003,11.24981727652831,73899
-124.0902459966783,37.57621252157988,17,1656,653,822,113,12.055962718426827,187187
-115.19271544173489,41.1487920898703,42,3277,294,3603,390,3.131142466340887,389725
-120.01185909036484,39.40006214620309,28,1078,1884,4043,1295,8.415801417050691,384976
-119.59858831689712,41.77709512395529,47,5002,1594,945,253,9.461247292588276,402010
-120.99755426878447,33.80716699356683,29,2181,968,4286,631,12.106338659338618,149792
-121.139174725561,40.03634016036317,11,9829,1136,2641,700,10.253625487330517,323076
-118.46609758920926,36.6798394965853,26,9572,448,2579,749,11.664997332207289,254081
-120.05426463741377,35.59593654975241,48,3215,1591,1584,1343,13.548772257136596,85069
-123.1572627017652,41.13359293237487,52,8036,659,4498,220,10.845285393441415,492447
-119.62408609687174,36.77906134515745,37,6487,810,250,1493,7.906075071494815,66561
-116.25380800495671,39.792999882216115,32,6104,1481,2324,74,4.232741338528907,300607
-117.04198683469795,35.93471974066084,14,2686,848,518,826,12.832829953796583,441247
-119.08890037763966,40.251411056751614,45,848,472,3716,1177,13.302442670833795,313479
-123.86035720746844,36.321336396106666,54,9020,855,962,772,7.1859350609486725,351313
-123.19508292598078,33.652385559196105,8,1891,467,3904,473,12.26288532817217,151804
-122.17434547643599,36.684580351859275,20,7860,162,646,1445,13.447146313517635,208664
-122.28756699148397,34.838221141291505,53,8303,178,3037,1192,9.356432510603508,257756
-123.12190926092744,39.84729031012855,14,771,1082,3147,258,14.70464467630021,78778
-117.68649917831644,35.43082775203867,12,854,1328,1103,1368,2.1583478241030463,165243
-120.09066250078263,39.69775228745348,2,3159,1519,2867,486,10.34444895085484,473785
-123.80997738889788,38.310507431808624,2,1226,470,1241,1108,1.6720697663310404,291996
-119.99332782606932,38.79583812934223,16,2522,1747,4817,771,3.580541576624724,473339
-114.64798371218738,33.22386675374929,56,4333,1971,1100,292,2.777466832045252,354575
-116.85083481728006,35.041110221558306,12,4197,549,1952,1123,8.340583706870174,92816
-121.39788294198388,37.9049813115135,7,4721,1307,3439,819,7.214167938220406,74224
-116.91029264432619,40.43931873034318,50,4328,699,4317,156,3.2432155752965097,400944
-116.30110157391879,33.77454192490585,53,8465,470,1327,1380,9.79129982190082,402907
-118.92512542251399,38.44435998903826,7,8167,1392,329,1311,6.59106915737887,396523
-119.7873563892433,38.86466455400958,25,7910,359,3786,1481,4.0644345983214,340792
-114.76914366966658,39.08817575622643,23,7165,1741,987,307,14.123201055511824,104101
-117.22118083454015,41.41797680874544,7,3059,1516,945,1170,3.71324321905062,185301
-120.35024011207187,32.768127829948924,26,3861,789,1896,1327,11.27766876264005,279575
-122.10493007921238,35.906723350104016,43,8734,1969,847,1008,7.018557158611935,448603
-121.38500154276173,37.94551457804323,49,8115,722,723,951,12.69785602077517,431341
-117.05022045249622,34.83341829668577,8,1799,614,2386,1198,14.079742117952215,248804
-114.54260095305783,35.301823556466765,42,1603,577,3899,597,14.279938573647721,149490
-122.46548855850885,40.977208359591934,41,698,301,3766,1429,2.7954955396685466,199740
-115.55757238434937,35.35047148396218,51,2835,276,4357,805,4.874512726035708,424883
-118.84745533779821,38.7956098309938,38,6412,1802,3906,483,11.378561110433532,212101
-124.13231112534717,37.82462726087947,21,3571,1690,2352,709,10.708367300843117,348162
-119.16681024217137,33.979174291039335,15,9504,185,847,1078,3.1739152166099798,321134
-118.63937671391069,41.897819529753,52,6103,1259,3918,529,14.917002329505534,395650
-117.3805670279498,35.92368220948291,26,2058,993,4611,771,2.1381244320587065,345423
-117.6229789731765,33.31131704610849,18,8266,999,2746,1438,2.676334835941684,341796
-114.52913182224883,36.294694016083106,56,6832,1599,135,340,3.5802032515030366,159365
-118.57660481952298,34.473034364512415,42,8527,1294,1089,104,2.849487344383645,435866
-118.083442513769,39.39402451226264,47,3179,664,3080,921,11.50038710782053,358376
-119.00706119356981,33.52537311366365,15,9798,1379,801,1106,5.010054540377645,221727
-116.0908873113103,35.67593110634162,22,8273,1181,490,1074,2.9090426853007827,83028
-116.18571303283974,41.03898379926856,34,699,535,1549,315,8.759757062407912,50340
-115.5198145759251,40.10249713174844,24,681,586,1908,335,8.753255017386177,340295
-119.08349016697943,39.85067905505081,55,6105,1058,172,324,14.108999924803511,74030
-123.59292506877316,39.750226223879395,42,7388,1776,4876,726,10.39867775993403,364843
-117.28040629866568,32.71647419374075,46,1609,205,1292,138,5.005498636977693,429435
-117.47441331025108,39.18750128705058,50,5972,1629,4357,1484,11.36743876168843,295590
-115.08939194593731,40.904643314946604,36,9846,1452,1837,667,8.455415013139564,146255
-118.16557182961532,37.04469895830988,53,8360,378,2993,217,10.195405107587963,367577
-116.65789564624222,40.96422609922443,17,8081,345,3233,78,5.448696305569238,155294
-117.440670241144,34.67295597917299,8,3083,256,3800,1024,10.1297839615988,380222
-122.8694772158358,37.79628450678728,52,2522,339,2682,1076,11.218150751167194,350822
-119.3851967321448,39.657184068047364,8,8351,1948,323,187,13.368961581912863,105876
-117.65263287342458,37.61626706014977,21,4100,1612,159,1333,6.398061703852142,284584
-118.94041105586214,40.564992870727245,43,3599,234,3330,1033,2.2313575571149564,92872
-122.27590010016812,35.803403631368475,39,8707,376,2242,243,7.072709463163413,475438
-118.76514267509985,37.95301730273368,41,9414,1640,3694,602,14.979946014078525,197682
-115.06857018290447,37.11630253441174,4,7828,540,1944,980,2.421832617116917,70088
-118.05663431244574,39.96311392578789,23,9705,1713,635,706,9.49353958281135,151686
-120.07374171332845,34.2347532887008,58,2436,1970,276,1281,11.358793472904928,342040
-114.84464884271733,41.21636554371395,26,4557,170,2400,1310,9.945982134607222,495463
-119.96611069606543,34.840671387977515,14,6848,1082,3960,1049,1.842375122694783,342896
-123.79243794764814,34.4708414438582,6,2656,1844,3479,628,6.145898613458693,115381
-119.52977454975816,38.686075626314135,10,843,666,4841,435,7.828247577997275,419508
-120.41850570726355,36.75243587174276,10,7991,1544,4167,199,10.628997104517618,140281
-116.27395409584602,39.39375668946241,38,3767,1505,3804,201,11.91026822985158,344647
-119.97943478860947,34.77504977111119,40,6584,401,1722,1448,4.702775562278235,206284
-116.46993402500122,36.83749284277843,3,7657,604,4678,623,11.155625160298362,432490
-121.5110420555194,36.52841185290533,19,6149,1373,1016,254,14.277639505606048,97828
-119.76139519224174,38.099381694841476,16,2015,1625,3401,884,7.248842590025445,138441
-116.1821199102138,34.36098865358709,40,9774,1073,2989,634,5.199466665070636,323078
-122.86381658524817,36.43851511224322,10,8516,1163,3807,809,12.752850887478914,288913
-120.05130147263498,38.37664546507635,19,7563,1168,3798,1002,10.867029108192373,382266
-115.44911619593057,40.888712210321145,36,8072,1119,1279,464,9.890386133429974,214012
-119.08612765413129,34.65580064441321,5,7797,744,4268,1234,12.766525263099032,67013
-115.93913073881411,37.29149603238291,53,2410,1090,2820,555,7.194930305137259,347068
-117.96368406590352,34.72612065954992,38,7404,471,2321,1063,4.036731121409689,356151
-117.35242289407259,36.87235115958442,26,9471,215,2361,1281,11.597732266935015,424303
-121.2223716214242,40.1676214655848,48,1759,696,1085,424,12.29714346624158,310786
-124.33447578461377,36.07392227986496,45,9428,1988,4935,903,11.89266931510382,72801
-119.52602730906557,41.95947254505563,49,4858,172,3197,1114,7.7433488574030465,191017
-114.340862183179,37.02787452704113,6,1197,1976,2188,577,8.459662192541412,96161
-118.28963628908852,39.35920924698357,10,577,869,1689,862,4.325596020251169,439517
-116.97244482913061,37.477266705804595,18,3834,1527,1306,1017,12.948389380347805,164372
-120.73998836954198,32.80053918478234,52,563,926,1757,55,11.926839862133933,330610
-114.38384510868664,39.63861314577131,48,8114,611,2367,720,4.780235672468984,379465
-123.92763147263297,33.6548254511194,49,3717,1047,135,1313,12.873710495807138,384458
-122.84912506675991,37.42718286897686,7,6606,1619,2568,1036,4.556429750940254,191868
-120.67633735445503,37.20252544519147,36,7295,959,4375,638,2.43808834583116,439606
-114.80097799146783,37.686047421463186,59,3270,704,3269,459,11.008953815541124,301889
-118.99681278544482,38.59816463778735,7,4945,896,4644,481,9.849394718222886,422868
-121.3743999778886,35.87938602020209,55,7322,1617,3885,1287,12.161081084726622,257997
-119.11875743458916,32.795780498005826,31,6414,1697,4426,1186,2.630922589563152,322212
-121.88066533495754,38.296816442063104,31,4879,1332,2009,495,10.305012855599381,310944
-122.35903261198804,36.78129121304456,58,6488,1957,1410,896,3.7836196119787173,479222
-121.32622175670733,38.76602339957739,15,4422,1293,4801,1385,1.9556356614053134,310746
-123.33972722037134,36.344635457900075,50,1617,1700,1343,374,4.653580884258091,221202
-122.4218542079312,40.85244610121934,19,537,1994,2126,92,7.819790380444302,137708
-122.70705954629662,41.61182535959185,20,9839,736,3014,776,11.043279158855366,293433
-116.53369651961583,35.361279140549534,55,2023,992,444,637,13.639991770693033,376445
-114.85153276219624,35.152836009754076,24,4386,470,1798,59,14.197785693275943,122062
-120.78001197979543,39.814883700083584,32,4852,944,4352,914,13.122189040172376,350731
-120.90566482488877,39.56287328634255,16,1076,1037,3505,1154,4.595470217827091,412267
-117.36919685957274,41.91945857355159,58,4719,357,1471,1340,5.8940004784530835,305517
-119.4541683230573,39.59062467258491,13,816,1345,2974,473,6.330933996630032,449774
-118.28272547843719,36.994860831894215,28,1513,1862,173,757,12.341454729474146,80858
-120.41184338580649,33.34201121600489,22,7123,748,3764,1090,13.08991422831666,472590
-123.70009528043977,35.14914006803972,45,2011,1064,3069,192,6.917598397064533,465762
-120.76140108908085,39.31101343550229,59,4308,890,4283,584,4.721449764214649,245346
-120.98056083583549,35.487738764330295,44,8192,397,3461,978,2.9610835567045317,261801
-114.80284297102715,40.33487465632482,6,1378,312,2506,1336,8.739607503071387,378225
-117.76332603657163,37.69014313346516,42,5185,827,992,638,4.555519871726082,482490
-114.31734222874162,37.00151164999415,19,3551,577,699,477,7.2211855729725585,167566
-118.50024099296617,39.69376588245189,58,9077,1540,2232,990,5.8993597092985155,215495
-123.81415378308651,35.024323622168176,23,4590,686,3723,514,14.607484862290692,224746
-123.0291080577657,38.75151635485828,13,7863,1417,2327,1040,4.74490988145825,348867
-118.99833323021706,33.34290381870557,24,630,1398,4750,386,10.1108546122218,162640
-119.50542748147278,34.70349125171993,52,583,1567,1975,1107,4.2916537524887985,410717
-114.34441727579846,33.051382998399056,50,6483,1195,4881,995,5.075454093191814,399114
-117.45440916936728,39.93113062732486,3,8908,585,3897,403,3.028525435582271,229299
-118.32113613639493,40.5318874335974,53,1283,297,1844,585,3.3859730438290043,118681
-116.36791884993681,33.29968115004316,23,7244,1533,4633,144,2.3391342082037054,247503
-123.50316725794386,36.171250172479525,25,4337,492,269,1371,11.494669162518466,446579
-124.07308129676098,35.410875680208626,37,7551,704,4903,410,2.5526669943397216,69669
-123.62588103618884,34.48446203045779,44,3045,1255,267,800,11.426135821564795,209055
-122.04358817477303,36.97193642284775,21,6383,1278,3179,449,4.879932729724446,390996
-122.84179234982065,40.57029781184341,17,3455,1349,3264,578,10.4694639012324,184177
-122.94081819531576,37.4615116035135,41,1415,227,3361,188,10.032955721100784,178310
-119.77201790148385,39.317252560800405,12,6643,1736,2263,263,13.31071703080631,104587
-118.5941700295949,35.89677213901327,8,1009,1978,2345,1218,8.897735240954148,468443
-117.0468816654113,38.16123177977997,58,8026,1085,3021,522,10.388051261414699,190570
-118.79959800251318,39.64425164909826,51,5796,119,4091,586,5.2272357316120415,402400
-117.3137358479909,40.408241273813296,44,9393,595,4953,73,11.28718679861792,457810
-123.18597296275794,41.516585126954084,46,5349,825,2626,1302,13.958162081371976,351505
-115.55277723696526,39.24798692848068,2,4167,1058,327,1447,8.267557091727417,149686
-114.56167747265596,34.749188614555344,7,2063,534,934,580,11.102181256789905,96954
-116.62743388042118,41.64024615260237,47,3241,1237,4241,1012,12.303278646725406,246604
-117.39633879763237,34.19694457390935,25,8964,1539,1203,349,5.461379860719507,486228
-122.6772747599292,38.04483359649958,55,9405,1758,2476,944,4.9416008944263075,228869
-116.716709483035,39.38391393506636,39,6870,1372,669,149,14.660928765755834,319168
-119.94207786499125,35.14959011149934,56,3050,1267,3773,186,11.162548048745013,259655
-116.4326422945225,38.437531535281536,8,3094,591,4724,922,13.86793252450662,463654
-122.66872644862232,37.60506665970935,7,5488,917,172,1399,4.0232038376931305,231314
-118.85117973955084,41.910420117352665,51,533,1240,3109,101,9.906963990918875,131012
-120.28256166491892,38.675058054496446,7,1618,701,738,1499,10.832829106593646,290099
-121.1117646811653,34.76207300409738,19,1522,511,4583,1131,10.836259570639443,358096
-118.91872218600534,39.25981209946693,4,516,1217,3126,457,10.425971988069344,157457
-114.51581607295513,39.85706766811335,12,4496,1595,4851,996,4.9084248427141555,378660
-122.03416537737263,35.78123526212621,59,6345,1998,287,1210,4.3408068177793115,284876
-122.32434510738697,35.34189091257011,15,1690,875,3926,997,13.460856567519864,398009
-121.10071038687057,41.347642405607616,56,2069,1020,1304,1044,12.657516323731981,122876
-123.10092040514647,38.628073966457364,17,8352,197,3413,195,9.124739771350946,452225
-116.72847391431932,37.79212076369733,21,1999,1008,692,989,1.9255079625170226,361706
-118.73068506436111,32.55398399295923,50,9793,821,2044,1472,11.937535542423197,320497
-123.56078864796795,33.668430937535454,22,4439,710,4624,355,4.631897674386789,474981
-119.23255695823454,34.573091784823745,58,3505,1553,232,1211,12.567606865927566,431915
-123.33276322264646,33.06519267606341,44,3973,102,2592,1079,14.222115910948032,205111
-118.9390559785713,37.51500905265162,12,8558,1742,4054,558,13.784044575424215,103638
-114.6642375401185,35.15737645410101,45,5915,497,4904,1053,8.975690826637425,462328
-120.16607962389016,36.3647831753282,44,4322,1854,2322,391,6.046816349723229,154949
-123.43512868076634,40.4313470534416,15,7199,144,911,82,8.160865639390432,313259
-115.77037409427248,39.06945754667128,9,6239,1073,1360,447,7.718018802223312,109548
-115.87306165582848,38.82928680449796,14,6023,1168,2367,233,13.542029514772022,211897
-117.04095415200376,36.26792850832294,12,9263,354,4534,920,3.8442717049519377,100914
-117.51622304785377,39.46868000908056,1,4557,1288,1326,1251,13.362110819668942,327116
-118.69957064375447,33.26229119994752,6,3253,1085,3764,651,2.0786185246038187,253562
-120.47810228204864,34.61093185661571,20,7313,805,1539,832,6.171197038720666,494233
-123.75152349157568,38.5755331465014,35,7950,1701,2743,1333,10.265007584937608,103112
-117.36152970095155,33.773419453105994,34,8660,820,4161,430,4.458574695456106,420195
-117.22421391354102,39.2478797125465,54,4808,949,983,223,10.928048128012072,382028
-117.77252228394478,38.925657913235604,24,6701,903,3524,1122,5.881757245363621,246212
-117.67264156934203,41.371343689919755,37,4385,515,3761,91,9.750108596079022,473982
-115.44919208086894,39.56229676431461,8,4916,1948,2713,1314,9.870564250794784,383114
-123.79180599200427,40.60761264167227,2,4176,1204,2983,865,10.702358348632893,397982
-114.38780199045667,35.10790466817489,7,2493,1468,2715,1487,9.84201611850342,258175
-117.31752541873188,34.343031852057926,3,2553,1671,4535,398,11.729972635499655,141383
-120.40150105111171,34.06891582758164,16,4895,778,2468,486,9.639759016186208,351643
-118.52794637817938,41.7046848259404,16,6450,823,2027,418,2.6549073283879685,426364
-122.95867177222195,35.723100157364605,58,9472,1005,1515,1367,8.280843609374948,445211
-114.83815543599071,36.425592354208895,18,8856,1890,3041,251,14.907688590459296,452245
-118.46500346623228,34.224090945246054,57,6142,1938,1796,1216,8.003605591962813,192393
-123.0836827236126,37.69896811755491,37,4794,1538,2469,749,6.391365279646796,257072
-122.14375376263445,39.71968982083609,45,6472,1657,1953,487,14.194567712747078,466053
-116.61878026879396,37.57125611913728,53,8141,986,3690,1268,2.3491548504822415,420265
-116.74934260557032,34.684421377056175,26,4526,1263,552,482,2.2226829931354004,429331
-124.04558799874789,35.64270950212368,53,2882,1364,1910,1147,7.291841040235154,162137
-116.26401562440508,41.72466679002318,20,5484,1197,1990,1286,12.517430371662844,60182
-119.90976244856293,37.7873162011953,31,2146,333,4819,1275,2.6852874492425736,383476
-114.31361806670283,37.47317367103009,40,6326,633,2584,523,11.945525872246797,222913
-118.65234992197328,37.06972561008601,21,2034,860,779,755,11.615721597055197,255590
-118.3663553402106,36.30640021623121,18,5544,1724,1152,283,9.043610033853106,148928
-118.79928039739694,38.82766711954924,44,7418,1625,2621,318,14.532492945133423,326628
-121.66353693159287,33.92770749859107,8,3978,1817,227,246,1.9168898918073833,372598
-118.53264490304417,40.07561548415731,56,8568,814,3602,1107,14.640230404957354,319642
-114.83482133576528,33.546928551953854,24,6158,1117,1300,669,5.420164769558539,477722
-123.02719586627192,40.57736239921807,44,1756,735,2298,482,13.38896198270523,150879
-118.88750959625327,40.95848755766881,14,6945,645,1790,1111,14.868038426902165,64663
-116.34049645941415,41.11358177058999,57,1480,1211,609,941,6.385987097469005,110949
-115.79124600836539,36.04257396075945,7,3294,119,4876,1118,8.034046442899712,233650
-122.27521530631415,38.924193543631795,28,2935,118,1823,145,5.25422601079719,449324
-117.6886405046141,36.80311846198342,26,8910,815,3722,55,11.218088541058558,98839
-123.66926779468676,38.59041151387926,50,3598,170,2422,691,12.292483781681822,193680
-123.37454127858327,36.35807226492747,11,874,1656,1219,730,13.880131718659051,331236
-117.86697589106375,39.208761132448714,4,2518,763,152,90,14.708344908692844,474729
-118.79078873728906,36.85126073328443,11,2458,467,850,1212,6.944233161527479,489868
-119.59246952402229,35.37680331853456,19,4881,408,4973,1388,13.904221960414702,200365
-119.44529698360506,36.27669133065923,10,7699,1740,2011,901,13.848553114210683,116179
-115.23277116968872,33.69194038260633,1,5678,1772,446,869,14.72383288249387,273376
-122.85817483329232,41.20078792882482,34,9256,236,2213,986,9.42932056233662,83547
-116.76254730285955,35.21585444424997,43,5495,1740,388,1452,6.793043038882274,417006
-123.77232285161278,34.39598295073884,54,7256,1535,3815,1273,13.691967896353821,157736
-116.28011916807506,41.64675552510035,17,3147,1278,2153,1212,12.419478515464263,384968
-114.65172914617769,41.3562210072606,9,9148,1340,2389,1346,5.90100385957934,421276
-115.4686335145769,35.09140349729892,50,5538,997,1932,128,3.426053197584179,65914
-119.143217008561,34.710976600250845,41,8164,760,1509,1295,11.597838175591313,112368
-123.32504046198665,35.39260695355931,51,3908,918,4837,187,3.11640968728777,199094
-117.38563871441382,35.63621366098433,56,8291,1953,2855,274,2.38959058212477,357282
-119.26224618714181,41.87249737919987,48,6767,1334,3737,211,11.181390643304779,160143
-118.48828390807653,36.510590400903745,50,2379,1562,1036,945,10.001529922608942,228184
-120.95203918764514,34.241310011552066,14,7838,1454,1651,672,6.178993013682864,352982
-117.50484939104014,32.88496003797119,7,6782,986,485,828,2.184354609610025,432425
-120.10790057662605,33.73462008050519,54,2159,1757,3412,111,7.704052360083555,402684
-123.83324935488147,40.386646097383654,19,7743,892,1132,1373,11.002350175528175,414722
-119.22705563568218,36.37368483505701,3,3344,1344,591,393,12.910090181320298,152243
-120.9145987959275,35.53730733118623,59,789,655,3091,790,13.08875212134262,240966
-122.52006666469686,38.11013640511343,18,4390,1277,1438,89,12.044845360297671,237259
-115.13024302724465,34.856877804003354,15,6553,189,2454,1277,4.001014021305819,230775
-120.01783665238816,37.2302611353409,47,5685,1796,4306,1273,3.955024295366575,278836
-123.98069440947945,36.63967617405521,40,6854,137,3784,220,6.032141735223973,387960
-115.65335473836198,33.822731356526404,59,5982,889,875,444,14.840825597143793,175969
-116.52566628380325,33.608381180807584,13,1981,1974,3122,493,12.270611775247952,294421
-124.0602016466977,41.625123876730676,33,654,522,456,724,4.212618159912186,167561
-118.04512701786274,36.12396769807674,58,6176,1326,782,1226,13.31149167258234,196375
-118.83335148989872,35.335846030732284,44,2750,426,2104,607,10.756522518424962,177369
-123.31230343249145,40.749665453076176,8,9975,886,4483,1179,11.842196246479206,271332
-118.42732441415009,41.82902382056207,48,937,337,4717,1104,12.342153701783696,63121
-120.3649503335791,34.839436087612434,28,6815,1805,2734,1329,11.892454636842707,103633
-119.582733465568,34.29337526951906,7,6281,1489,1074,1028,4.755539406658795,433483
-116.97685604565692,34.9429942656017,8,2182,894,2367,772,9.986229481348062,334395
-120.13987305554397,39.21393095471137,19,1053,849,716,848,14.710922476921553,159426
-117.65318399518144,35.76337236941129,1,2253,1094,370,395,13.845072296801705,355169
-120.15955993718259,39.673098281882595,3,9834,949,224,1419,7.532855702982875,94685
-120.31918148628257,41.26535898254716,55,7520,317,4737,1260,12.956639739517387,200713
-121.3554991656551,36.06597763756041,43,7832,989,2818,987,8.929879035873817,363503
-117.905182775548,32.64987297332756,22,8015,1978,283,1199,13.13817136318582,86473
-122.95079755708878,41.155589387792794,47,1443,682,2540,956,8.807511100788348,488154
-114.49089370875467,36.737954546606574,58,5125,999,2418,1170,8.41885831822873,379925
-121.32363541289602,40.27603311770069,20,6860,568,4454,517,9.488488157088902,493266
-123.26175688317312,38.645676933562356,36,6844,1057,520,1136,13.16982539948999,76340
-123.22465057681218,40.63913843893174,20,6832,1660,1370,1492,12.65215336994844,474137
-114.52711234604568,36.619021671279214,42,2788,1638,1544,665,8.096507649599152,69546
-121.75955329319072,41.39334767450783,3,5862,913,3276,1294,2.381975127263182,403411
-115.69931544576853,35.11565824423034,37,5396,1521,4055,106,8.476314534656069,298594
-116.56385684912394,35.53050664135027,5,7187,1100,4892,442,7.4689228855585315,407579
-117.13293760870835,40.088024665274844,44,2387,1901,765,929,13.189620483869033,196866
-117.48190468899455,33.3355641816382,47,3885,390,984,1342,6.0534617323252125,96171
-118.91975476711308,34.7961617380139,3,8316,1374,2054,896,3.267198240332734,88591
-115.89380823354007,34.688079973444864,36,8183,839,3758,514,10.945677841495694,76252
-121.33502783942689,38.88181854615567,12,711,1156,699,448,5.625395262103999,170446
-118.68407128148135,36.01168076080211,55,3983,913,1453,1498,11.04536366751575,395922
-121.6261871763226,39.96148823123052,14,2602,1061,4270,241,10.34385404834077,408371
-114.89371878768362,39.08911385420201,58,5390,1307,4705,815,8.439960240317507,201173
-121.13613108679921,39.037142091774506,31,7910,1604,182,389,2.320116045195026,60824
-123.81300430937473,35.06040572347687,32,5188,449,4187,1026,11.669342431600032,289388
-120.18746021992465,35.788442927483985,56,4223,746,2686,203,5.924641955640685,467256
-118.18278605894353,38.22256876880321,18,1714,856,4047,962,3.1405070043584145,471316
-117.48043713321572,33.7508063292127,36,2402,335,409,95,12.349680844276254,367635
-119.03684965287012,36.28093456670096,8,3835,390,3760,1159,6.44565439263361,232079
-114.77813583607347,41.29240219609028,38,8176,624,3406,1202,5.5600541249162125,272175
-118.81849306563639,34.829100043105946,44,862,344,4722,525,8.95660761475898,308507
-119.91707093244453,39.74179615007603,50,7603,390,4101,1093,11.897075746643086,435420
-118.93617575222467,32.590898885208404,13,6434,1983,3576,1078,13.914620311262153,287488
-118.86698454872504,35.44554300116894,1,906,966,779,1190,14.358158661836985,56965
-117.17839331540686,37.36997777170704,6,8606,1021,2745,1413,8.963939865430225,167204
-123.75984487417658,38.05813683873951,23,9213,1875,2861,152,2.4480448596337503,341935
-120.09892191568153,32.63845357065688,21,8932,838,1219,687,5.185201614423061,87727
-116.03879958638203,37.87418125740124,39,2391,1638,2459,197,3.5513795273583533,128311
-120.1432051130872,40.04914231831517,5,8822,823,3597,1401,5.7263747774512845,432352
-119.60394086102635,37.71355221301691,36,5182,1710,3997,787,1.9275845708354127,88756
-120.35252470262454,34.56484579355174,58,6985,1397,2942,1129,5.931631429862868,71496
-117.28747351927986,38.68930164899023,39,8595,553,3853,513,10.77242240309094,422128
-116.85182668870101,40.01349473745291,24,4519,918,124,462,2.3001746207048974,98401
-118.04978687993513,33.96500129761624,3,7149,531,2345,101,10.568089976748825,272264
-122.91820963894673,36.97065513865207,44,7899,1189,4745,307,7.772932054848326,310879
-118.28114674913691,38.81187259701327,5,2378,1823,3157,1374,8.639844661699374,433096
-117.31041755261354,38.051681614397395,5,4522,787,428,302,3.484151083273025,428915
-121.28127834171602,36.16165671830846,13,1466,1679,174,972,12.570932453837605,432706
-118.12645543550006,33.323991480789324,24,7696,629,3195,1024,7.254710139381759,104538
-123.02619184998862,35.09448147574045,39,2331,1174,4915,256,12.87807231798324,414747
-118.33250682633228,36.36163297483624,12,3496,1245,2412,380,1.5409873550812638,456759
-123.54108460452655,35.882135804229215,25,8963,1242,2666,931,6.549293787089437,339205
-120.63401453252445,36.90139128160294,10,2228,944,2610,1441,11.91425623250038,202164
-116.19672776829312,39.69196044159697,14,1088,733,4107,175,3.8164247186137987,409249
-123.27229367012838,40.96691577379637,49,1806,345,361,580,14.875537665824154,387390
-115.45160870818813,38.95672520843065,48,8989,1166,4483,314,10.121596459670945,174674
-120.85651734153173,41.56472458088748,29,6298,1218,2435,1392,14.006031304338148,348370
-123.78694319306423,33.52623060008282,59,7360,1841,1035,566,2.103274579901801,463328
-116.0802519181084,40.52534925744036,3,6315,317,3116,1402,4.837515719184201,285589
-120.55913345512629,34.65778241721859,8,7037,501,905,95,6.037558780842863,257454
-121.51306953533091,38.839274394425615,43,1910,387,2527,102,6.338261932055746,350478
-117.98401433566208,38.825217722774894,38,2672,1645,1878,990,9.349666981258249,156151
-116.34430103518478,35.60720045465706,19,4095,1738,4895,367,6.362800408861888,472723
-121.0695374388924,33.01533679861552,6,7119,540,1846,489,13.725691339144317,401068
-120.86521368411591,32.719326328260564,58,1444,1610,3038,792,5.8876632473464605,233094
-115.9781107687585,35.52551685917836,51,3860,505,1571,1017,14.747837560604308,431057
-122.47856539691671,35.9413206409581,25,9607,1935,2488,469,3.642006756405043,191918
-120.92077489654847,35.3116097300931,3,6366,1484,268,1142,5.087107898426226,422604
-119.91151753818849,35.404757947592515,49,1623,1323,384,666,14.537101462186856,257881
-122.16310801129602,39.499478889133194,24,9266,189,1531,819,3.450402911110869,189385
-114.86006465296848,40.32215650437435,6,4179,416,2727,1282,8.473412403769418,89502
-116.11429698472713,35.479857536606474,47,7006,895,466,546,8.661450704016275,460394
-121.37642235378777,39.32380474655769,37,2952,1605,393,148,2.2314824564179494,199988
-121.50337239049063,40.25411884814156,56,6820,895,3542,1403,14.572646616512287,248519
-114.40529706354104,39.41669344547348,54,5124,497,115,1481,6.556792808320926,82363
-124.328433153691,35.12580571652855,12,1865,1685,4272,963,11.836536264728709,113259
-118.23828065860201,32.97804089815584,6,3360,1071,3729,1468,8.51075200974175,207779
-119.36809820984642,34.03024907667718,2,6338,1131,1102,1225,1.5123564154122633,204722
-121.25698737242077,40.07498218789285,42,5064,707,377,938,4.1172559042753,417856
-122.45312263354894,40.87100333692221,48,2392,733,509,463,4.885792904233094,360070
-122.21818685004598,38.39383413553394,12,7506,904,4751,1323,8.463003309723245,180323
-115.40531928944996,41.307346799274185,13,2682,921,3512,786,3.996049869342654,497180
-115.32151007122427,37.25267449715306,35,756,388,3527,67,2.45576576278148,324831
-116.13563630091322,33.788353153517434,15,3405,1738,3401,887,13.313223299495775,388345
-121.43783620765672,37.85310310726958,11,9027,792,3623,1446,2.89481320943687,136358
-121.25411793373924,32.63310704262554,14,9814,1194,3346,545,10.34897142338083,362801
-122.43094531867732,38.939501525943655,52,8774,849,2799,197,11.46613955819935,498135
-119.32671513754414,36.61229418173664,53,8280,1774,3928,1146,5.1124015621337,446079
-119.79297111267171,41.047931069164775,56,1126,1275,1493,861,10.619352951913998,441633
-122.87565466429226,35.08779727709349,48,8201,634,4580,214,10.23839914175824,164569
-118.36738021857879,34.794621676957554,22,7941,931,817,1161,4.428281340926201,332560
-122.3972668880086,40.02436807726142,13,1395,904,2396,377,9.293826150940378,57097
-124.13088866866585,41.564751229884635,2,1866,329,907,1132,14.367752117210067,78947
-120.03884542292644,35.79760093094883,39,9021,1317,1500,705,1.786339369582954,253677
-118.90035723652703,33.16199210861006,15,1058,418,755,122,1.8096498069600582,344804
-122.91861695359958,38.83619343829448,24,6855,1113,793,698,9.68356819736193,356160
-116.42148208175809,36.025843898506984,7,6057,299,2713,317,4.2558876265126,105614
-117.20014989677613,35.27309638431266,17,7707,672,1903,1233,12.26683388501673,185209
-123.16032100594042,33.75532053097288,10,5269,643,2689,778,13.916978189219105,130516
-116.03657481279845,34.63870134152054,52,6223,1887,4967,525,6.747500147170378,329217
-122.72471509032098,41.03340628449643,6,7401,204,408,433,9.187763631972574,285790
-118.77281751005029,40.34286521648251,35,2601,1965,3746,836,11.986130168278597,133315
-115.15942357768525,41.99580501993196,56,2512,115,2360,1044,5.66227709008456,401323
-116.59526688436429,36.36691384989572,10,5596,480,3477,788,4.1373355447590345,446965
-117.73296888743448,41.90898473939129,32,2042,1817,1895,231,2.4021549497100425,124527
-123.55257119956342,33.351434287684164,36,1643,423,1489,1400,11.851540498674083,221579
-123.72819261440426,33.43334328154971,55,5656,1316,4769,946,5.246093364329424,290829
-115.81791266651248,41.847356896826405,33,2278,412,1279,485,12.645872128160807,158781
-120.40923678827836,34.1749510506586,59,7979,1123,1970,834,9.907658661118743,317096
-117.69864089137832,37.06558133077403,35,634,521,4628,949,4.392686885932188,325117
-115.39306845348786,38.04399649727613,50,2707,163,453,857,10.211215118166976,65923
-119.4583096847277,37.74276075663836,4,1560,1538,1999,244,11.465133441436356,498911
-120.40866588262783,34.14442935545725,14,4790,648,2118,192,3.509147557562034,83579
-118.70928670485948,41.9517419969379,25,2796,1345,2590,340,11.498869090018392,461044
-117.14045231750222,39.276186258056505,48,4583,389,573,1385,9.996888317989722,138481
-122.76813609628658,41.414291952841594,1,1807,1982,3260,1226,14.78019622499615,111730
-117.1477308055533,37.62583499433863,21,5795,1894,3712,495,10.244278478739973,203772
-115.63898202497757,33.49786674983924,49,7595,1736,3046,805,6.000964614505702,272671
-119.55558762040337,40.38420747472044,50,8394,1630,1720,489,1.978390749448977,477025
-116.50196380834103,35.108191238746535,11,5382,653,822,1137,2.847269536208827,484239
-115.21835199646972,34.57781360812202,38,6920,1783,4272,693,10.816368600962834,135547
-115.83827163052418,41.28064884068571,22,9665,1750,337,896,12.632320067031063,484102
-115.52309331130172,33.295874554145286,18,6825,1231,3245,78,10.51024948446092,126124
-115.37867152186043,36.963163998154236,8,6899,535,141,428,1.592328696889235,472496
-122.70896963878212,35.51837372617398,50,7801,430,2001,1240,14.038778228088447,436566
-117.64306194601716,39.89413526485931,38,3244,1557,2980,792,11.855477212731914,181813
-123.78058934243055,33.05108918669113,11,8025,1125,2444,727,4.300872287042436,362953
-120.6003494511615,33.69826802894824,2,6023,1726,4631,365,4.950009410156547,323071
-119.41776281447717,38.97244099872415,21,4841,1193,314,309,7.852165313685792,429973
-123.19120469515173,39.097398404824766,42,3303,381,3400,1000,3.574439408075413,400618
-119.13400459063823,41.42927433330712,57,7784,912,733,137,7.430770519020393,417912
-120.0792577479026,35.620047202429845,45,3151,326,3980,128,9.30459054605613,115286
-117.95496081695444,34.871205945328185,18,3476,477,1552,1423,8.849404537463904,259132
-116.67208246135368,38.130108624584075,57,9070,977,4344,154,13.439864825418892,219925
-119.34095021755577,35.240321836413095,7,8032,863,2108,1172,10.238355193761448,63339
-117.70323775644243,33.875880104660844,59,4979,1426,515,731,2.8955520481034354,216492
-119.14265668503357,37.86410321524641,42,2723,1439,2414,1378,10.123919732488666,344280
-119.10666181132669,38.10792866802851,42,6313,1349,2387,106,10.845662432272482,159594
-119.9377980249443,38.537776619558755,43,8790,608,2406,442,5.229454130706689,485753
-116.81827458993142,35.7957752529865,51,9470,732,2956,1246,6.241807534992891,158754
-121.53632517256818,40.5419940516977,21,9990,344,2546,533,4.722529403933361,492384
-116.58413708285389,40.37388737147222,1,9412,1914,1425,999,8.481806232308163,406686
-117.02986484677507,32.8048473167266,16,5950,515,1691,1376,5.256142643198159,191362
-121.69008522370304,36.69080928156226,52,4003,1740,1460,971,13.689916172239519,90968
-118.00454991196959,34.384651021893546,29,5160,1858,2054,467,10.08695517518794,90249
-121.69482926175434,40.82542728644789,27,1921,1530,1555,1380,13.154011586972894,434280
-119.72075138599337,37.11180818792266,34,2881,373,594,837,3.5329167011379927,491747
-114.50772055260039,40.87749295615549,41,5995,439,3976,760,4.058070901189739,380271
-118.85769926682677,36.353186756568476,27,501,104,1906,1178,7.48971089850779,459164
-118.73647757703375,33.901496198949204,13,9748,258,600,630,11.997455541939235,166040
-114.63436381803683,36.06935928176691,27,8612,809,2556,768,10.263905081979084,169290
-118.3403578997141,37.1158542949479,22,6656,596,2155,500,9.053823572444575,137031
-117.33530840422709,39.445894048423206,28,8856,980,4786,400,12.734307774321042,424250
-117.95102674056352,35.613937860371905,49,8154,620,4420,673,8.66570000610153,65453
-118.22203602169832,36.45382436061498,46,6952,194,800,354,4.058189636261346,198084
-120.12213033916996,40.72518986507342,39,3177,1390,4566,789,2.0949326880525283,124214
-121.02855393775079,35.59339461344237,47,9277,319,2134,1498,8.801940179801619,364318
-115.27829263163198,35.77657623911256,31,8919,1720,3585,1099,1.5112890507913008,84549
-118.7809756077896,37.68596278046316,43,8974,835,2277,1326,7.584726032299886,483806
-124.05726356369941,33.32893670334061,45,7450,165,3112,99,13.842769444735707,481340
-123.23559822014307,33.15822896997415,32,6498,104,2088,546,7.588298566900199,176399
-116.96236395553463,34.88496454988274,47,1369,1392,4519,966,1.8729803855966316,419257
-114.34740164107414,36.54484445585696,53,6982,794,4498,1223,6.877512980248461,471563
-121.40303663789702,36.89032573579505,45,6069,284,2518,1019,14.863058687822763,321540
-120.84278654185296,33.03544389870429,17,7725,553,1084,401,11.508641960497789,268385
-123.50485930999889,37.33786189988005,56,9346,881,1114,713,14.86239824166952,342225
-122.97262318199171,39.3541505207465,59,3644,789,4488,434,5.596967575463996,66863
-122.2026311767883,36.14385389846874,24,3161,1254,1383,600,12.558531831933324,348087
-122.20488520774528,36.04809814078601,6,2722,1309,868,1380,2.991569062533098,405316
-124.28100047480028,39.814435495459605,2,5736,753,3452,289,10.19200515967425,116158
-120.1397253476989,40.40648157331191,50,8312,1912,2433,241,7.048302607728024,179769
-116.48446058162216,38.319894272298484,45,2501,357,1060,1210,7.26773788054272,206247
-120.99113491545576,36.56053795159804,40,5191,488,1197,1177,12.135645277643345,321124
-118.1421567044341,36.73840675032132,17,7551,1960,2028,917,8.123101119126988,459065
-118.35816892796419,39.840244392432155,43,1071,710,600,871,8.902659034296878,274810
-118.89293181660273,41.67170383126771,37,980,540,4824,1350,3.620666893502828,59019
-119.28611904391538,34.81675000817832,41,5911,1424,1757,362,13.607640325122743,331151
-119.80316356699213,40.76037414757897,10,9650,1847,2076,1206,13.860950811834568,251365
-115.72918199806811,39.03751086642396,21,2100,1307,4276,390,10.190723812045247,478158
-120.01109190950997,37.75849513392664,1,4537,1462,4735,1484,14.001470377074511,98021
-119.40433011657947,37.84154221519279,54,1197,264,1306,634,12.270509324950481,494360
-120.82744709493325,38.402264700543235,14,599,409,820,1088,14.145955205818018,314902
-117.27604885957363,41.61680549262351,49,7858,1821,3145,526,4.63276898969904,421915
-119.43865503267008,40.95514070589912,35,1109,1993,576,290,9.823136406966256,265452
-121.65724526316819,35.807120995810685,27,963,843,3481,118,12.053643674615731,198275
-119.34585711108672,34.492391453662385,26,9502,530,4980,324,13.623231212466601,342705
-122.73588150069607,41.630811174547105,47,756,855,907,508,3.191939917547016,227265
-116.80090359951762,40.45440198020613,5,1226,1066,1739,1034,2.412687992373745,275371
-123.90094870843454,35.44374910409503,21,6287,533,196,426,7.009181126666335,259174
-119.24460021634201,41.787481012816954,48,8612,515,2978,700,12.859807972209644,241608
-123.2707616907788,33.655634126720244,48,5126,689,3876,693,12.324767744636597,80896
-123.92368901705036,35.63473415572512,14,6325,305,788,795,14.025943016272041,488883
-118.80345721073625,39.78604702215941,43,2948,736,260,1153,14.816897161371966,368275
-115.6865385846965,39.499593667798656,14,9054,1979,2227,863,6.928243425031879,449915
-119.23896999286679,40.769143577469706,45,3710,266,664,871,7.283114499812091,330733
-116.0621880571857,33.79418352111368,58,5885,643,3106,1260,2.132804953267601,203659
-124.21234880337069,34.30936014455844,52,6679,723,3993,169,13.043484252793276,452710
-117.55166676374797,38.94442822040054,49,1063,1912,3003,1330,3.7309785100372936,150778
-114.41559209274341,40.13112079922297,46,1416,790,2771,654,4.852005655872321,270844
-118.65722430933123,35.55945274294449,9,1114,1295,4137,1201,11.230178077012281,188955
-116.92470343376391,40.529363700978635,21,2943,1585,1882,1046,5.144942045199517,305654
-122.37628070425804,35.27120234378011,19,3616,1291,4767,299,12.619317092330084,373793
-116.5674907090127,35.40638932311462,39,7687,874,2242,1265,4.969934155981269,317811
-117.67052312955106,34.6791980091335,18,1972,1972,3340,208,9.37363287863263,166471
-118.66873160435291,39.846331145705264,7,1679,778,2749,391,3.9441787554909182,269680
-121.17422482842406,35.507693020173214,37,3344,1281,595,294,13.824727221949432,65297
-119.19921629699373,36.56752184140281,33,1090,1024,2360,218,1.5887814997595515,229764
-118.61074883642614,41.216208183248355,21,3767,898,4714,246,13.435005588336425,414120
-117.26616807286779,39.72067392306176,47,8727,101,4566,450,12.80040500094903,387307
-118.93344153191381,32.90374453259292,53,3144,1745,4336,631,5.72268484911829,72483
-120.98396367429721,34.9572154492923,33,7841,1512,2479,968,13.682843741673144,304298
-118.23706155133902,32.56042983874828,24,7059,1614,4137,567,5.724670598328752,459477
-124.21526791982038,38.334465845914806,20,3551,1073,3289,937,7.639871383283557,122265
